dataset,model,fault_type,severity,sigma_eff,R2,RMSE,MAE
wind_cn,ARIMA,gaussian_noise,0.01,0.0109,0.7753,0.1463,0.1173
wind_cn,ARIMA,gaussian_noise,0.05,0.051,0.7527,0.148,0.1186
wind_cn,ARIMA,gaussian_noise,0.1,0.0931,0.7369,0.1491,0.1195
wind_cn,ARIMA,gaussian_noise,0.2,0.2146,0.6977,0.152,0.1218
wind_cn,ARIMA,sensor_drift,0.05,0.0521,0.754,0.1479,0.1185
wind_cn,ARIMA,sensor_drift,0.1,0.1094,0.7396,0.149,0.1194
wind_cn,ARIMA,sensor_drift,0.15,0.1414,0.695,0.1522,0.122
wind_cn,ARIMA,sensor_drift,0.2,0.1873,0.6927,0.1524,0.1221
wind_cn,ARIMA,missing_values,0.05,0.0502,0.757,0.1477,0.1183
wind_cn,ARIMA,missing_values,0.1,0.0958,0.7314,0.1496,0.1198
wind_cn,ARIMA,missing_values,0.15,0.1392,0.7016,0.1517,0.1216
wind_cn,ARIMA,missing_values,0.2,0.1947,0.6883,0.1527,0.1224
wind_cn,ARIMA,outliers,0.01,0.0106,0.7751,0.1464,0.1173
wind_cn,ARIMA,outliers,0.05,0.0501,0.758,0.1476,0.1183
wind_cn,ARIMA,outliers,0.1,0.0909,0.7282,0.1498,0.12
wind_cn,ARIMA,outliers,0.15,0.1401,0.7018,0.1517,0.1216
wind_cn,SVR,gaussian_noise,0.01,0.0109,0.7759,0.1463,0.1172
wind_cn,SVR,gaussian_noise,0.05,0.0531,0.7503,0.1482,0.1187
wind_cn,SVR,gaussian_noise,0.1,0.092,0.7339,0.1494,0.1197
wind_cn,SVR,gaussian_noise,0.2,0.1976,0.6726,0.1538,0.1233
wind_cn,SVR,sensor_drift,0.05,0.05,0.7588,0.1475,0.1182
wind_cn,SVR,sensor_drift,0.1,0.1082,0.7393,0.149,0.1194
wind_cn,SVR,sensor_drift,0.15,0.1549,0.7122,0.1509,0.121
wind_cn,SVR,sensor_drift,0.2,0.2008,0.6875,0.1528,0.1224
wind_cn,SVR,missing_values,0.05,0.0468,0.7545,0.1479,0.1185
wind_cn,SVR,missing_values,0.1,0.1055,0.7206,0.1503,0.1205
wind_cn,SVR,missing_values,0.15,0.1618,0.6918,0.1524,0.1222
wind_cn,SVR,missing_values,0.2,0.2169,0.6761,0.1536,0.1231
wind_cn,SVR,outliers,0.01,0.0094,0.7758,0.1463,0.1172
wind_cn,SVR,outliers,0.05,0.0483,0.7595,0.1475,0.1182
wind_cn,SVR,outliers,0.1,0.0954,0.7322,0.1495,0.1198
wind_cn,SVR,outliers,0.15,0.1457,0.6951,0.1522,0.122
wind_cn,LSTM,gaussian_noise,0.01,0.0101,0.7773,0.1462,0.1172
wind_cn,LSTM,gaussian_noise,0.05,0.053,0.7672,0.1469,0.1178
wind_cn,LSTM,gaussian_noise,0.1,0.1097,0.7551,0.1478,0.1185
wind_cn,LSTM,gaussian_noise,0.2,0.1879,0.7135,0.1509,0.1209
wind_cn,LSTM,sensor_drift,0.05,0.0532,0.768,0.1469,0.1177
wind_cn,LSTM,sensor_drift,0.1,0.1046,0.7475,0.1484,0.1189
wind_cn,LSTM,sensor_drift,0.15,0.1372,0.7301,0.1496,0.1199
wind_cn,LSTM,sensor_drift,0.2,0.1846,0.7234,0.1501,0.1203
wind_cn,LSTM,missing_values,0.05,0.0512,0.7628,0.1473,0.118
wind_cn,LSTM,missing_values,0.1,0.0913,0.752,0.148,0.1186
wind_cn,LSTM,missing_values,0.15,0.1448,0.7384,0.149,0.1194
wind_cn,LSTM,missing_values,0.2,0.2055,0.7145,0.1508,0.1208
wind_cn,LSTM,outliers,0.01,0.0099,0.7765,0.1463,0.1172
wind_cn,LSTM,outliers,0.05,0.0521,0.7673,0.1469,0.1177
wind_cn,LSTM,outliers,0.1,0.1012,0.7469,0.1484,0.1189
wind_cn,LSTM,outliers,0.15,0.1498,0.7301,0.1496,0.1199
wind_cn,CNN-LSTM,gaussian_noise,0.01,0.0099,0.777,0.1462,0.1172
wind_cn,CNN-LSTM,gaussian_noise,0.05,0.0461,0.7678,0.1469,0.1177
wind_cn,CNN-LSTM,gaussian_noise,0.1,0.1027,0.7556,0.1478,0.1184
wind_cn,CNN-LSTM,gaussian_noise,0.2,0.2003,0.7245,0.1501,0.1202
wind_cn,CNN-LSTM,sensor_drift,0.05,0.0475,0.7626,0.1473,0.118
wind_cn,CNN-LSTM,sensor_drift,0.1,0.1051,0.7511,0.1481,0.1187
wind_cn,CNN-LSTM,sensor_drift,0.15,0.1373,0.7399,0.1489,0.1193
wind_cn,CNN-LSTM,sensor_drift,0.2,0.1864,0.725,0.15,0.1202
wind_cn,CNN-LSTM,missing_values,0.05,0.0531,0.7624,0.1473,0.118
wind_cn,CNN-LSTM,missing_values,0.1,0.1074,0.7484,0.1483,0.1188
wind_cn,CNN-LSTM,missing_values,0.15,0.1406,0.7295,0.1497,0.12
wind_cn,CNN-LSTM,missing_values,0.2,0.2016,0.7106,0.1511,0.1211
wind_cn,CNN-LSTM,outliers,0.01,0.0108,0.7766,0.1462,0.1172
wind_cn,CNN-LSTM,outliers,0.05,0.0461,0.7661,0.147,0.1178
wind_cn,CNN-LSTM,outliers,0.1,0.0985,0.7533,0.148,0.1186
wind_cn,CNN-LSTM,outliers,0.15,0.1608,0.7293,0.1497,0.12
wind_cn,COA-BiLSTM,gaussian_noise,0.01,0.01,0.7784,0.1461,0.1171
wind_cn,COA-BiLSTM,gaussian_noise,0.05,0.0472,0.7703,0.1467,0.1176
wind_cn,COA-BiLSTM,gaussian_noise,0.1,0.0968,0.763,0.1472,0.118
wind_cn,COA-BiLSTM,gaussian_noise,0.2,0.1929,0.7329,0.1494,0.1198
wind_cn,COA-BiLSTM,sensor_drift,0.05,0.052,0.7699,0.1467,0.1176
wind_cn,COA-BiLSTM,sensor_drift,0.1,0.1094,0.7611,0.1474,0.1181
wind_cn,COA-BiLSTM,sensor_drift,0.15,0.1426,0.7445,0.1486,0.1191
wind_cn,COA-BiLSTM,sensor_drift,0.2,0.192,0.74,0.1489,0.1193
wind_cn,COA-BiLSTM,missing_values,0.05,0.0454,0.7709,0.1467,0.1175
wind_cn,COA-BiLSTM,missing_values,0.1,0.1001,0.7591,0.1475,0.1182
wind_cn,COA-BiLSTM,missing_values,0.15,0.1434,0.7554,0.1478,0.1184
wind_cn,COA-BiLSTM,missing_values,0.2,0.1896,0.7335,0.1494,0.1197
wind_cn,COA-BiLSTM,outliers,0.01,0.01,0.7783,0.1461,0.1171
wind_cn,COA-BiLSTM,outliers,0.05,0.0474,0.7681,0.1469,0.1177
wind_cn,COA-BiLSTM,outliers,0.1,0.1052,0.7586,0.1476,0.1183
wind_cn,COA-BiLSTM,outliers,0.15,0.1568,0.7531,0.148,0.1186
wind_cn,BWO-SVR,gaussian_noise,0.01,0.0103,0.7753,0.1463,0.1173
wind_cn,BWO-SVR,gaussian_noise,0.05,0.0504,0.7537,0.1479,0.1185
wind_cn,BWO-SVR,gaussian_noise,0.1,0.1067,0.7382,0.1491,0.1194
wind_cn,BWO-SVR,gaussian_noise,0.2,0.1875,0.6872,0.1528,0.1224
wind_cn,BWO-SVR,sensor_drift,0.05,0.0509,0.7596,0.1475,0.1182
wind_cn,BWO-SVR,sensor_drift,0.1,0.0903,0.7264,0.1499,0.1201
wind_cn,BWO-SVR,sensor_drift,0.15,0.1418,0.7046,0.1515,0.1214
wind_cn,BWO-SVR,sensor_drift,0.2,0.187,0.6742,0.1537,0.1232
wind_cn,BWO-SVR,missing_values,0.05,0.0489,0.7531,0.148,0.1186
wind_cn,BWO-SVR,missing_values,0.1,0.0928,0.7213,0.1503,0.1204
wind_cn,BWO-SVR,missing_values,0.15,0.1384,0.7098,0.1511,0.1211
wind_cn,BWO-SVR,missing_values,0.2,0.2151,0.663,0.1545,0.1238
wind_cn,BWO-SVR,outliers,0.01,0.0103,0.7755,0.1463,0.1173
wind_cn,BWO-SVR,outliers,0.05,0.0506,0.7518,0.1481,0.1186
wind_cn,BWO-SVR,outliers,0.1,0.0948,0.7294,0.1497,0.12
wind_cn,BWO-SVR,outliers,0.15,0.1619,0.7172,0.1506,0.1207
wind_cn,BWO-CNN,gaussian_noise,0.01,0.0103,0.7777,0.1462,0.1171
wind_cn,BWO-CNN,gaussian_noise,0.05,0.0485,0.7706,0.1467,0.1175
wind_cn,BWO-CNN,gaussian_noise,0.1,0.1079,0.7582,0.1476,0.1183
wind_cn,BWO-CNN,gaussian_noise,0.2,0.2112,0.7338,0.1494,0.1197
wind_cn,BWO-CNN,sensor_drift,0.05,0.0458,0.7694,0.1468,0.1176
wind_cn,BWO-CNN,sensor_drift,0.1,0.108,0.7627,0.1473,0.118
wind_cn,BWO-CNN,sensor_drift,0.15,0.1353,0.7487,0.1483,0.1188
wind_cn,BWO-CNN,sensor_drift,0.2,0.2065,0.7464,0.1485,0.119
wind_cn,BWO-CNN,missing_values,0.05,0.0466,0.772,0.1466,0.1175
wind_cn,BWO-CNN,missing_values,0.1,0.1038,0.7596,0.1475,0.1182
wind_cn,BWO-CNN,missing_values,0.15,0.1417,0.7482,0.1483,0.1189
wind_cn,BWO-CNN,missing_values,0.2,0.1895,0.7366,0.1492,0.1195
wind_cn,BWO-CNN,outliers,0.01,0.0105,0.7781,0.1461,0.1171
wind_cn,BWO-CNN,outliers,0.05,0.0535,0.7694,0.1468,0.1176
wind_cn,BWO-CNN,outliers,0.1,0.1014,0.7587,0.1476,0.1182
wind_cn,BWO-CNN,outliers,0.15,0.146,0.7549,0.1478,0.1185
wind_cn,Ultra-LSNT,gaussian_noise,0.01,0.0095,0.7791,0.1461,0.1171
wind_cn,Ultra-LSNT,gaussian_noise,0.05,0.0489,0.7741,0.1464,0.1173
wind_cn,Ultra-LSNT,gaussian_noise,0.1,0.1026,0.7684,0.1468,0.1177
wind_cn,Ultra-LSNT,gaussian_noise,0.2,0.2001,0.7576,0.1476,0.1183
wind_cn,Ultra-LSNT,sensor_drift,0.05,0.0499,0.7748,0.1464,0.1173
wind_cn,Ultra-LSNT,sensor_drift,0.1,0.1044,0.7712,0.1466,0.1175
wind_cn,Ultra-LSNT,sensor_drift,0.15,0.1357,0.7663,0.147,0.1178
wind_cn,Ultra-LSNT,sensor_drift,0.2,0.1871,0.7588,0.1475,0.1182
wind_cn,Ultra-LSNT,missing_values,0.05,0.0545,0.7741,0.1464,0.1173
wind_cn,Ultra-LSNT,missing_values,0.1,0.0974,0.7683,0.1469,0.1177
wind_cn,Ultra-LSNT,missing_values,0.15,0.1628,0.7679,0.1469,0.1177
wind_cn,Ultra-LSNT,missing_values,0.2,0.2187,0.7606,0.1474,0.1181
wind_cn,Ultra-LSNT,outliers,0.01,0.0107,0.7788,0.1461,0.1171
wind_cn,Ultra-LSNT,outliers,0.05,0.0489,0.7754,0.1463,0.1173
wind_cn,Ultra-LSNT,outliers,0.1,0.0963,0.7686,0.1468,0.1177
wind_cn,Ultra-LSNT,outliers,0.15,0.1517,0.767,0.147,0.1178
wind_cn,Ultra-LSNT-Lite,gaussian_noise,0.01,0.0104,0.7788,0.1461,0.1171
wind_cn,Ultra-LSNT-Lite,gaussian_noise,0.05,0.046,0.7749,0.1464,0.1173
wind_cn,Ultra-LSNT-Lite,gaussian_noise,0.1,0.1098,0.7695,0.1468,0.1176
wind_cn,Ultra-LSNT-Lite,gaussian_noise,0.2,0.2007,0.7629,0.1472,0.118
wind_cn,Ultra-LSNT-Lite,sensor_drift,0.05,0.0524,0.7742,0.1464,0.1173
wind_cn,Ultra-LSNT-Lite,sensor_drift,0.1,0.104,0.7692,0.1468,0.1176
wind_cn,Ultra-LSNT-Lite,sensor_drift,0.15,0.1438,0.7658,0.147,0.1178
wind_cn,Ultra-LSNT-Lite,sensor_drift,0.2,0.2124,0.7575,0.1476,0.1183
wind_cn,Ultra-LSNT-Lite,missing_values,0.05,0.0541,0.7743,0.1464,0.1173
wind_cn,Ultra-LSNT-Lite,missing_values,0.1,0.1,0.77,0.1467,0.1176
wind_cn,Ultra-LSNT-Lite,missing_values,0.15,0.1545,0.7632,0.1472,0.118
wind_cn,Ultra-LSNT-Lite,missing_values,0.2,0.2118,0.7584,0.1476,0.1183
wind_cn,Ultra-LSNT-Lite,outliers,0.01,0.0097,0.7788,0.1461,0.1171
wind_cn,Ultra-LSNT-Lite,outliers,0.05,0.0459,0.7752,0.1463,0.1173
wind_cn,Ultra-LSNT-Lite,outliers,0.1,0.0907,0.7697,0.1468,0.1176
wind_cn,Ultra-LSNT-Lite,outliers,0.15,0.1513,0.7652,0.1471,0.1179
wind_cn,DLinear,gaussian_noise,0.01,0.0102,0.7767,0.1462,0.1172
wind_cn,DLinear,gaussian_noise,0.05,0.0454,0.7654,0.1471,0.1179
wind_cn,DLinear,gaussian_noise,0.1,0.0972,0.7394,0.149,0.1194
wind_cn,DLinear,gaussian_noise,0.2,0.2009,0.7187,0.1505,0.1206
wind_cn,DLinear,sensor_drift,0.05,0.0472,0.7601,0.1475,0.1182
wind_cn,DLinear,sensor_drift,0.1,0.0917,0.7422,0.1488,0.1192
wind_cn,DLinear,sensor_drift,0.15,0.1509,0.7357,0.1492,0.1196
wind_cn,DLinear,sensor_drift,0.2,0.2055,0.7068,0.1513,0.1213
wind_cn,DLinear,missing_values,0.05,0.0548,0.7604,0.1474,0.1181
wind_cn,DLinear,missing_values,0.1,0.0965,0.7438,0.1486,0.1191
wind_cn,DLinear,missing_values,0.15,0.1431,0.7196,0.1504,0.1205
wind_cn,DLinear,missing_values,0.2,0.1831,0.7098,0.1511,0.1211
wind_cn,DLinear,outliers,0.01,0.0109,0.7771,0.1462,0.1172
wind_cn,DLinear,outliers,0.05,0.052,0.7596,0.1475,0.1182
wind_cn,DLinear,outliers,0.1,0.0935,0.7453,0.1485,0.119
wind_cn,DLinear,outliers,0.15,0.1425,0.7334,0.1494,0.1197
wind_cn,iTransformer,gaussian_noise,0.01,0.0104,0.7776,0.1462,0.1171
wind_cn,iTransformer,gaussian_noise,0.05,0.0478,0.7672,0.1469,0.1177
wind_cn,iTransformer,gaussian_noise,0.1,0.1048,0.7516,0.1481,0.1187
wind_cn,iTransformer,gaussian_noise,0.2,0.2045,0.731,0.1496,0.1199
wind_cn,iTransformer,sensor_drift,0.05,0.0475,0.7684,0.1468,0.1177
wind_cn,iTransformer,sensor_drift,0.1,0.1052,0.7574,0.1477,0.1183
wind_cn,iTransformer,sensor_drift,0.15,0.1385,0.751,0.1481,0.1187
wind_cn,iTransformer,sensor_drift,0.2,0.1816,0.7407,0.1489,0.1193
wind_cn,iTransformer,missing_values,0.05,0.052,0.7663,0.147,0.1178
wind_cn,iTransformer,missing_values,0.1,0.092,0.7562,0.1477,0.1184
wind_cn,iTransformer,missing_values,0.15,0.1492,0.7441,0.1486,0.1191
wind_cn,iTransformer,missing_values,0.2,0.1974,0.7383,0.149,0.1194
wind_cn,iTransformer,outliers,0.01,0.0102,0.7777,0.1462,0.1171
wind_cn,iTransformer,outliers,0.05,0.0455,0.7674,0.1469,0.1177
wind_cn,iTransformer,outliers,0.1,0.1025,0.7572,0.1477,0.1183
wind_cn,iTransformer,outliers,0.15,0.1607,0.744,0.1486,0.1191
wind_cn,TimeMixer,gaussian_noise,0.01,0.0093,0.7774,0.1462,0.1171
wind_cn,TimeMixer,gaussian_noise,0.05,0.0514,0.7701,0.1467,0.1176
wind_cn,TimeMixer,gaussian_noise,0.1,0.1017,0.7605,0.1474,0.1181
wind_cn,TimeMixer,gaussian_noise,0.2,0.203,0.7235,0.1501,0.1203
wind_cn,TimeMixer,sensor_drift,0.05,0.0514,0.7685,0.1468,0.1177
wind_cn,TimeMixer,sensor_drift,0.1,0.1009,0.7564,0.1477,0.1184
wind_cn,TimeMixer,sensor_drift,0.15,0.1466,0.7376,0.1491,0.1195
wind_cn,TimeMixer,sensor_drift,0.2,0.2162,0.7231,0.1502,0.1203
wind_cn,TimeMixer,missing_values,0.05,0.0457,0.7695,0.1468,0.1176
wind_cn,TimeMixer,missing_values,0.1,0.0904,0.7598,0.1475,0.1182
wind_cn,TimeMixer,missing_values,0.15,0.1555,0.7498,0.1482,0.1188
wind_cn,TimeMixer,missing_values,0.2,0.1928,0.7402,0.1489,0.1193
wind_cn,TimeMixer,outliers,0.01,0.009,0.7773,0.1462,0.1172
wind_cn,TimeMixer,outliers,0.05,0.0478,0.7665,0.147,0.1178
wind_cn,TimeMixer,outliers,0.1,0.1039,0.7597,0.1475,0.1182
wind_cn,TimeMixer,outliers,0.15,0.1613,0.7421,0.1488,0.1192
electricity,ARIMA,gaussian_noise,0.01,0.0106,0.8445,0.1424,0.1143
electricity,ARIMA,gaussian_noise,0.05,0.0468,0.8272,0.1436,0.1153
electricity,ARIMA,gaussian_noise,0.1,0.1061,0.795,0.1459,0.1171
electricity,ARIMA,gaussian_noise,0.2,0.1965,0.7304,0.1505,0.1208
electricity,ARIMA,sensor_drift,0.05,0.0528,0.8263,0.1437,0.1154
electricity,ARIMA,sensor_drift,0.1,0.1086,0.8032,0.1453,0.1167
electricity,ARIMA,sensor_drift,0.15,0.1479,0.7642,0.1481,0.1189
electricity,ARIMA,sensor_drift,0.2,0.2102,0.74,0.1498,0.1203
electricity,ARIMA,missing_values,0.05,0.054,0.829,0.1435,0.1152
electricity,ARIMA,missing_values,0.1,0.1065,0.7999,0.1456,0.1169
electricity,ARIMA,missing_values,0.15,0.1619,0.7804,0.1469,0.118
electricity,ARIMA,missing_values,0.2,0.1804,0.7544,0.1488,0.1194
electricity,ARIMA,outliers,0.01,0.0092,0.8442,0.1424,0.1143
electricity,ARIMA,outliers,0.05,0.0545,0.8268,0.1436,0.1153
electricity,ARIMA,outliers,0.1,0.1015,0.791,0.1462,0.1174
electricity,ARIMA,outliers,0.15,0.1485,0.771,0.1476,0.1185
electricity,SVR,gaussian_noise,0.01,0.0097,0.8454,0.1423,0.1143
electricity,SVR,gaussian_noise,0.05,0.0525,0.8233,0.1439,0.1155
electricity,SVR,gaussian_noise,0.1,0.1058,0.7942,0.146,0.1172
electricity,SVR,gaussian_noise,0.2,0.1998,0.7664,0.1479,0.1188
electricity,SVR,sensor_drift,0.05,0.0505,0.8294,0.1435,0.1152
electricity,SVR,sensor_drift,0.1,0.1078,0.8012,0.1455,0.1168
electricity,SVR,sensor_drift,0.15,0.1385,0.7795,0.147,0.118
electricity,SVR,sensor_drift,0.2,0.2105,0.7643,0.1481,0.1189
electricity,SVR,missing_values,0.05,0.046,0.8238,0.1439,0.1155
electricity,SVR,missing_values,0.1,0.104,0.8083,0.145,0.1164
electricity,SVR,missing_values,0.15,0.1597,0.7878,0.1464,0.1175
electricity,SVR,missing_values,0.2,0.1833,0.7418,0.1497,0.1202
electricity,SVR,outliers,0.01,0.011,0.8458,0.1423,0.1142
electricity,SVR,outliers,0.05,0.0487,0.8263,0.1437,0.1154
electricity,SVR,outliers,0.1,0.1089,0.7937,0.146,0.1172
electricity,SVR,outliers,0.15,0.1576,0.7604,0.1484,0.1191
electricity,LSTM,gaussian_noise,0.01,0.0092,0.8471,0.1422,0.1142
electricity,LSTM,gaussian_noise,0.05,0.0506,0.8333,0.1432,0.1149
electricity,LSTM,gaussian_noise,0.1,0.1081,0.8209,0.1441,0.1157
electricity,LSTM,gaussian_noise,0.2,0.1997,0.7993,0.1456,0.1169
electricity,LSTM,sensor_drift,0.05,0.0497,0.8379,0.1429,0.1147
electricity,LSTM,sensor_drift,0.1,0.0924,0.8253,0.1438,0.1154
electricity,LSTM,sensor_drift,0.15,0.1545,0.8119,0.1447,0.1162
electricity,LSTM,sensor_drift,0.2,0.2033,0.7841,0.1467,0.1178
electricity,LSTM,missing_values,0.05,0.0487,0.8322,0.1433,0.115
electricity,LSTM,missing_values,0.1,0.1074,0.8226,0.1439,0.1156
electricity,LSTM,missing_values,0.15,0.1639,0.81,0.1448,0.1163
electricity,LSTM,missing_values,0.2,0.2188,0.8017,0.1454,0.1168
electricity,LSTM,outliers,0.01,0.0108,0.8475,0.1422,0.1141
electricity,LSTM,outliers,0.05,0.0549,0.8348,0.1431,0.1149
electricity,LSTM,outliers,0.1,0.1011,0.8251,0.1438,0.1154
electricity,LSTM,outliers,0.15,0.1507,0.7966,0.1458,0.117
electricity,CNN-LSTM,gaussian_noise,0.01,0.0104,0.8468,0.1422,0.1142
electricity,CNN-LSTM,gaussian_noise,0.05,0.0513,0.8353,0.143,0.1148
electricity,CNN-LSTM,gaussian_noise,0.1,0.108,0.819,0.1442,0.1158
electricity,CNN-LSTM,gaussian_noise,0.2,0.1912,0.8009,0.1455,0.1168
electricity,CNN-LSTM,sensor_drift,0.05,0.0539,0.8323,0.1433,0.115
electricity,CNN-LSTM,sensor_drift,0.1,0.1024,0.8205,0.1441,0.1157
electricity,CNN-LSTM,sensor_drift,0.15,0.1406,0.809,0.1449,0.1163
electricity,CNN-LSTM,sensor_drift,0.2,0.1941,0.7909,0.1462,0.1174
electricity,CNN-LSTM,missing_values,0.05,0.0458,0.8345,0.1431,0.1149
electricity,CNN-LSTM,missing_values,0.1,0.1097,0.8143,0.1445,0.116
electricity,CNN-LSTM,missing_values,0.15,0.1511,0.8014,0.1454,0.1168
electricity,CNN-LSTM,missing_values,0.2,0.2126,0.7946,0.1459,0.1172
electricity,CNN-LSTM,outliers,0.01,0.0093,0.8468,0.1422,0.1142
electricity,CNN-LSTM,outliers,0.05,0.0532,0.8325,0.1432,0.115
electricity,CNN-LSTM,outliers,0.1,0.1045,0.8146,0.1445,0.116
electricity,CNN-LSTM,outliers,0.15,0.1475,0.803,0.1453,0.1167
electricity,COA-BiLSTM,gaussian_noise,0.01,0.0107,0.8477,0.1422,0.1141
electricity,COA-BiLSTM,gaussian_noise,0.05,0.0453,0.8418,0.1426,0.1145
electricity,COA-BiLSTM,gaussian_noise,0.1,0.1062,0.831,0.1433,0.1151
electricity,COA-BiLSTM,gaussian_noise,0.2,0.186,0.8022,0.1454,0.1167
electricity,COA-BiLSTM,sensor_drift,0.05,0.0488,0.8396,0.1427,0.1146
electricity,COA-BiLSTM,sensor_drift,0.1,0.1068,0.8262,0.1437,0.1154
electricity,COA-BiLSTM,sensor_drift,0.15,0.1491,0.8159,0.1444,0.1159
electricity,COA-BiLSTM,sensor_drift,0.2,0.1909,0.8114,0.1447,0.1162
electricity,COA-BiLSTM,missing_values,0.05,0.0536,0.8418,0.1426,0.1145
electricity,COA-BiLSTM,missing_values,0.1,0.11,0.8275,0.1436,0.1153
electricity,COA-BiLSTM,missing_values,0.15,0.1517,0.814,0.1446,0.116
electricity,COA-BiLSTM,missing_values,0.2,0.2178,0.8057,0.1451,0.1165
electricity,COA-BiLSTM,outliers,0.01,0.0095,0.8477,0.1422,0.1141
electricity,COA-BiLSTM,outliers,0.05,0.0463,0.8402,0.1427,0.1146
electricity,COA-BiLSTM,outliers,0.1,0.1021,0.8264,0.1437,0.1153
electricity,COA-BiLSTM,outliers,0.15,0.1552,0.8233,0.1439,0.1155
electricity,BWO-SVR,gaussian_noise,0.01,0.0097,0.8448,0.1424,0.1143
electricity,BWO-SVR,gaussian_noise,0.05,0.0517,0.8289,0.1435,0.1152
electricity,BWO-SVR,gaussian_noise,0.1,0.1054,0.7996,0.1456,0.1169
electricity,BWO-SVR,gaussian_noise,0.2,0.2141,0.7492,0.1492,0.1197
electricity,BWO-SVR,sensor_drift,0.05,0.0506,0.8245,0.1438,0.1155
electricity,BWO-SVR,sensor_drift,0.1,0.0981,0.7925,0.1461,0.1173
electricity,BWO-SVR,sensor_drift,0.15,0.1359,0.786,0.1465,0.1176
electricity,BWO-SVR,sensor_drift,0.2,0.2048,0.7398,0.1498,0.1203
electricity,BWO-SVR,missing_values,0.05,0.0471,0.823,0.1439,0.1155
electricity,BWO-SVR,missing_values,0.1,0.0903,0.8073,0.145,0.1164
electricity,BWO-SVR,missing_values,0.15,0.1527,0.7795,0.147,0.118
electricity,BWO-SVR,missing_values,0.2,0.1975,0.7543,0.1488,0.1195
electricity,BWO-SVR,outliers,0.01,0.0097,0.8442,0.1424,0.1143
electricity,BWO-SVR,outliers,0.05,0.0528,0.8249,0.1438,0.1154
electricity,BWO-SVR,outliers,0.1,0.1024,0.8021,0.1454,0.1167
electricity,BWO-SVR,outliers,0.15,0.1635,0.7641,0.1481,0.1189
electricity,BWO-CNN,gaussian_noise,0.01,0.0109,0.8483,0.1421,0.1141
electricity,BWO-CNN,gaussian_noise,0.05,0.0476,0.84,0.1427,0.1146
electricity,BWO-CNN,gaussian_noise,0.1,0.1096,0.8303,0.1434,0.1151
electricity,BWO-CNN,gaussian_noise,0.2,0.1932,0.8101,0.1448,0.1163
electricity,BWO-CNN,sensor_drift,0.05,0.0474,0.8395,0.1427,0.1146
electricity,BWO-CNN,sensor_drift,0.1,0.0926,0.8334,0.1432,0.1149
electricity,BWO-CNN,sensor_drift,0.15,0.1396,0.8245,0.1438,0.1155
electricity,BWO-CNN,sensor_drift,0.2,0.2056,0.8158,0.1444,0.116
electricity,BWO-CNN,missing_values,0.05,0.0485,0.8413,0.1426,0.1145
electricity,BWO-CNN,missing_values,0.1,0.0995,0.8268,0.1436,0.1153
electricity,BWO-CNN,missing_values,0.15,0.1402,0.818,0.1443,0.1158
electricity,BWO-CNN,missing_values,0.2,0.1816,0.8149,0.1445,0.116
electricity,BWO-CNN,outliers,0.01,0.0096,0.8483,0.1421,0.1141
electricity,BWO-CNN,outliers,0.05,0.0459,0.8413,0.1426,0.1145
electricity,BWO-CNN,outliers,0.1,0.0992,0.833,0.1432,0.115
electricity,BWO-CNN,outliers,0.15,0.1459,0.8235,0.1439,0.1155
electricity,Ultra-LSNT,gaussian_noise,0.01,0.0104,0.849,0.1421,0.1141
electricity,Ultra-LSNT,gaussian_noise,0.05,0.053,0.8459,0.1423,0.1142
electricity,Ultra-LSNT,gaussian_noise,0.1,0.0916,0.8395,0.1427,0.1146
electricity,Ultra-LSNT,gaussian_noise,0.2,0.2168,0.827,0.1436,0.1153
electricity,Ultra-LSNT,sensor_drift,0.05,0.0478,0.8459,0.1423,0.1142
electricity,Ultra-LSNT,sensor_drift,0.1,0.105,0.8388,0.1428,0.1146
electricity,Ultra-LSNT,sensor_drift,0.15,0.1413,0.8369,0.1429,0.1147
electricity,Ultra-LSNT,sensor_drift,0.2,0.1994,0.831,0.1433,0.1151
electricity,Ultra-LSNT,missing_values,0.05,0.0487,0.8448,0.1424,0.1143
electricity,Ultra-LSNT,missing_values,0.1,0.1049,0.8401,0.1427,0.1146
electricity,Ultra-LSNT,missing_values,0.15,0.1426,0.8378,0.1429,0.1147
electricity,Ultra-LSNT,missing_values,0.2,0.2158,0.8283,0.1435,0.1152
electricity,Ultra-LSNT,outliers,0.01,0.0101,0.849,0.1421,0.1141
electricity,Ultra-LSNT,outliers,0.05,0.0495,0.8458,0.1423,0.1142
electricity,Ultra-LSNT,outliers,0.1,0.0948,0.8399,0.1427,0.1146
electricity,Ultra-LSNT,outliers,0.15,0.1463,0.8364,0.143,0.1148
electricity,Ultra-LSNT-Lite,gaussian_noise,0.01,0.0096,0.8492,0.1421,0.114
electricity,Ultra-LSNT-Lite,gaussian_noise,0.05,0.0483,0.8456,0.1423,0.1143
electricity,Ultra-LSNT-Lite,gaussian_noise,0.1,0.1078,0.8415,0.1426,0.1145
electricity,Ultra-LSNT-Lite,gaussian_noise,0.2,0.2072,0.8293,0.1435,0.1152
electricity,Ultra-LSNT-Lite,sensor_drift,0.05,0.05,0.8444,0.1424,0.1143
electricity,Ultra-LSNT-Lite,sensor_drift,0.1,0.1007,0.8417,0.1426,0.1145
electricity,Ultra-LSNT-Lite,sensor_drift,0.15,0.1574,0.8345,0.1431,0.1149
electricity,Ultra-LSNT-Lite,sensor_drift,0.2,0.1851,0.8305,0.1434,0.1151
electricity,Ultra-LSNT-Lite,missing_values,0.05,0.0486,0.8454,0.1423,0.1143
electricity,Ultra-LSNT-Lite,missing_values,0.1,0.1014,0.8394,0.1428,0.1146
electricity,Ultra-LSNT-Lite,missing_values,0.15,0.1646,0.8359,0.143,0.1148
electricity,Ultra-LSNT-Lite,missing_values,0.2,0.1895,0.8292,0.1435,0.1152
electricity,Ultra-LSNT-Lite,outliers,0.01,0.0093,0.8492,0.1421,0.114
electricity,Ultra-LSNT-Lite,outliers,0.05,0.0466,0.8455,0.1423,0.1143
electricity,Ultra-LSNT-Lite,outliers,0.1,0.0957,0.8413,0.1426,0.1145
electricity,Ultra-LSNT-Lite,outliers,0.15,0.1619,0.837,0.1429,0.1147
electricity,DLinear,gaussian_noise,0.01,0.01,0.847,0.1422,0.1142
electricity,DLinear,gaussian_noise,0.05,0.0548,0.8326,0.1432,0.115
electricity,DLinear,gaussian_noise,0.1,0.098,0.8196,0.1442,0.1157
electricity,DLinear,gaussian_noise,0.2,0.2146,0.7645,0.1481,0.1189
electricity,DLinear,sensor_drift,0.05,0.0476,0.8297,0.1434,0.1152
electricity,DLinear,sensor_drift,0.1,0.1034,0.8187,0.1442,0.1158
electricity,DLinear,sensor_drift,0.15,0.1517,0.7867,0.1465,0.1176
electricity,DLinear,sensor_drift,0.2,0.1912,0.7759,0.1473,0.1182
electricity,DLinear,missing_values,0.05,0.0469,0.8301,0.1434,0.1151
electricity,DLinear,missing_values,0.1,0.0985,0.8165,0.1444,0.1159
electricity,DLinear,missing_values,0.15,0.1423,0.7958,0.1458,0.1171
electricity,DLinear,missing_values,0.2,0.2044,0.7891,0.1463,0.1175
electricity,DLinear,outliers,0.01,0.0102,0.8467,0.1422,0.1142
electricity,DLinear,outliers,0.05,0.0498,0.8345,0.1431,0.1149
electricity,DLinear,outliers,0.1,0.091,0.8135,0.1446,0.1161
electricity,DLinear,outliers,0.15,0.139,0.7995,0.1456,0.1169
electricity,iTransformer,gaussian_noise,0.01,0.011,0.848,0.1421,0.1141
electricity,iTransformer,gaussian_noise,0.05,0.0531,0.8389,0.1428,0.1146
electricity,iTransformer,gaussian_noise,0.1,0.1036,0.8284,0.1435,0.1152
electricity,iTransformer,gaussian_noise,0.2,0.2038,0.797,0.1458,0.117
electricity,iTransformer,sensor_drift,0.05,0.0491,0.8381,0.1428,0.1147
electricity,iTransformer,sensor_drift,0.1,0.1086,0.8275,0.1436,0.1153
electricity,iTransformer,sensor_drift,0.15,0.164,0.8092,0.1449,0.1163
electricity,iTransformer,sensor_drift,0.2,0.2092,0.8092,0.1449,0.1163
electricity,iTransformer,missing_values,0.05,0.0468,0.8359,0.143,0.1148
electricity,iTransformer,missing_values,0.1,0.1048,0.8302,0.1434,0.1151
electricity,iTransformer,missing_values,0.15,0.1603,0.8129,0.1446,0.1161
electricity,iTransformer,missing_values,0.2,0.2118,0.8089,0.1449,0.1163
electricity,iTransformer,outliers,0.01,0.0093,0.8479,0.1422,0.1141
electricity,iTransformer,outliers,0.05,0.0531,0.8396,0.1427,0.1146
electricity,iTransformer,outliers,0.1,0.1005,0.8244,0.1438,0.1155
electricity,iTransformer,outliers,0.15,0.1613,0.816,0.1444,0.1159
electricity,TimeMixer,gaussian_noise,0.01,0.0106,0.8477,0.1422,0.1141
electricity,TimeMixer,gaussian_noise,0.05,0.0488,0.8383,0.1428,0.1147
electricity,TimeMixer,gaussian_noise,0.1,0.096,0.8264,0.1437,0.1153
electricity,TimeMixer,gaussian_noise,0.2,0.2001,0.7972,0.1457,0.117
electricity,TimeMixer,sensor_drift,0.05,0.054,0.8393,0.1428,0.1146
electricity,TimeMixer,sensor_drift,0.1,0.1009,0.8271,0.1436,0.1153
electricity,TimeMixer,sensor_drift,0.15,0.1537,0.8081,0.145,0.1164
electricity,TimeMixer,sensor_drift,0.2,0.2176,0.8094,0.1449,0.1163
electricity,TimeMixer,missing_values,0.05,0.0483,0.8374,0.1429,0.1147
electricity,TimeMixer,missing_values,0.1,0.1059,0.8295,0.1435,0.1152
electricity,TimeMixer,missing_values,0.15,0.151,0.8123,0.1447,0.1162
electricity,TimeMixer,missing_values,0.2,0.2115,0.7944,0.1459,0.1172
electricity,TimeMixer,outliers,0.01,0.0096,0.8479,0.1421,0.1141
electricity,TimeMixer,outliers,0.05,0.0524,0.8392,0.1428,0.1146
electricity,TimeMixer,outliers,0.1,0.1014,0.8305,0.1434,0.1151
electricity,TimeMixer,outliers,0.15,0.1613,0.8102,0.1448,0.1163
air_quality,ARIMA,gaussian_noise,0.01,0.0106,0.7153,0.1493,0.1193
air_quality,ARIMA,gaussian_noise,0.05,0.0535,0.6989,0.1506,0.1203
air_quality,ARIMA,gaussian_noise,0.1,0.0979,0.6775,0.1522,0.1215
air_quality,ARIMA,gaussian_noise,0.2,0.186,0.6081,0.1573,0.1257
air_quality,ARIMA,sensor_drift,0.05,0.0522,0.6977,0.1507,0.1203
air_quality,ARIMA,sensor_drift,0.1,0.1028,0.6656,0.1531,0.1222
air_quality,ARIMA,sensor_drift,0.15,0.1513,0.6392,0.155,0.1238
air_quality,ARIMA,sensor_drift,0.2,0.1938,0.6299,0.1557,0.1244
air_quality,ARIMA,missing_values,0.05,0.0541,0.6982,0.1506,0.1203
air_quality,ARIMA,missing_values,0.1,0.098,0.6683,0.1528,0.1221
air_quality,ARIMA,missing_values,0.15,0.1634,0.6461,0.1545,0.1234
air_quality,ARIMA,missing_values,0.2,0.2034,0.6339,0.1554,0.1241
air_quality,ARIMA,outliers,0.01,0.0102,0.715,0.1494,0.1193
air_quality,ARIMA,outliers,0.05,0.0537,0.6998,0.1505,0.1202
air_quality,ARIMA,outliers,0.1,0.1013,0.6614,0.1534,0.1225
air_quality,ARIMA,outliers,0.15,0.1627,0.6391,0.155,0.1238
air_quality,SVR,gaussian_noise,0.01,0.0093,0.7146,0.1494,0.1193
air_quality,SVR,gaussian_noise,0.05,0.0511,0.6942,0.1509,0.1205
air_quality,SVR,gaussian_noise,0.1,0.1047,0.6715,0.1526,0.1219
air_quality,SVR,gaussian_noise,0.2,0.217,0.6026,0.1577,0.126
air_quality,SVR,sensor_drift,0.05,0.0461,0.6955,0.1508,0.1205
air_quality,SVR,sensor_drift,0.1,0.1068,0.6603,0.1534,0.1226
air_quality,SVR,sensor_drift,0.15,0.1626,0.6563,0.1537,0.1228
air_quality,SVR,sensor_drift,0.2,0.2008,0.6052,0.1576,0.1258
air_quality,SVR,missing_values,0.05,0.049,0.6941,0.1509,0.1205
air_quality,SVR,missing_values,0.1,0.0967,0.6789,0.1521,0.1214
air_quality,SVR,missing_values,0.15,0.1351,0.6359,0.1553,0.124
air_quality,SVR,missing_values,0.2,0.1959,0.6267,0.156,0.1246
air_quality,SVR,outliers,0.01,0.0108,0.7149,0.1494,0.1193
air_quality,SVR,outliers,0.05,0.0485,0.6965,0.1507,0.1204
air_quality,SVR,outliers,0.1,0.099,0.6652,0.1531,0.1223
air_quality,SVR,outliers,0.15,0.1486,0.6533,0.154,0.123
air_quality,LSTM,gaussian_noise,0.01,0.0094,0.7174,0.1492,0.1192
air_quality,LSTM,gaussian_noise,0.05,0.0492,0.705,0.1501,0.1199
air_quality,LSTM,gaussian_noise,0.1,0.0972,0.685,0.1516,0.1211
air_quality,LSTM,gaussian_noise,0.2,0.2053,0.6581,0.1536,0.1227
air_quality,LSTM,sensor_drift,0.05,0.0516,0.7079,0.1499,0.1197
air_quality,LSTM,sensor_drift,0.1,0.1092,0.6939,0.1509,0.1206
air_quality,LSTM,sensor_drift,0.15,0.1474,0.6813,0.1519,0.1213
air_quality,LSTM,sensor_drift,0.2,0.2199,0.67,0.1527,0.122
air_quality,LSTM,missing_values,0.05,0.051,0.705,0.1501,0.1199
air_quality,LSTM,missing_values,0.1,0.105,0.6952,0.1508,0.1205
air_quality,LSTM,missing_values,0.15,0.1619,0.6802,0.152,0.1214
air_quality,LSTM,missing_values,0.2,0.1876,0.6671,0.1529,0.1221
air_quality,LSTM,outliers,0.01,0.0099,0.7176,0.1492,0.1191
air_quality,LSTM,outliers,0.05,0.0457,0.7046,0.1501,0.1199
air_quality,LSTM,outliers,0.1,0.0991,0.6867,0.1515,0.121
air_quality,LSTM,outliers,0.15,0.1482,0.6746,0.1524,0.1217
air_quality,CNN-LSTM,gaussian_noise,0.01,0.0101,0.7171,0.1492,0.1192
air_quality,CNN-LSTM,gaussian_noise,0.05,0.0468,0.7071,0.15,0.1198
air_quality,CNN-LSTM,gaussian_noise,0.1,0.1089,0.6857,0.1516,0.121
air_quality,CNN-LSTM,gaussian_noise,0.2,0.1908,0.663,0.1532,0.1224
air_quality,CNN-LSTM,sensor_drift,0.05,0.0491,0.7041,0.1502,0.1199
air_quality,CNN-LSTM,sensor_drift,0.1,0.0931,0.6957,0.1508,0.1204
air_quality,CNN-LSTM,sensor_drift,0.15,0.1548,0.6711,0.1526,0.1219
air_quality,CNN-LSTM,sensor_drift,0.2,0.1889,0.6713,0.1526,0.1219
air_quality,CNN-LSTM,missing_values,0.05,0.0517,0.7066,0.15,0.1198
air_quality,CNN-LSTM,missing_values,0.1,0.0921,0.6958,0.1508,0.1204
air_quality,CNN-LSTM,missing_values,0.15,0.1404,0.6696,0.1528,0.122
air_quality,CNN-LSTM,missing_values,0.2,0.1895,0.6563,0.1537,0.1228
air_quality,CNN-LSTM,outliers,0.01,0.0095,0.7175,0.1492,0.1191
air_quality,CNN-LSTM,outliers,0.05,0.0536,0.7037,0.1502,0.12
air_quality,CNN-LSTM,outliers,0.1,0.0979,0.686,0.1515,0.121
air_quality,CNN-LSTM,outliers,0.15,0.1411,0.672,0.1526,0.1219
air_quality,COA-BiLSTM,gaussian_noise,0.01,0.0108,0.7182,0.1491,0.1191
air_quality,COA-BiLSTM,gaussian_noise,0.05,0.0459,0.7119,0.1496,0.1195
air_quality,COA-BiLSTM,gaussian_noise,0.1,0.0905,0.7023,0.1503,0.1201
air_quality,COA-BiLSTM,gaussian_noise,0.2,0.2033,0.6851,0.1516,0.1211
air_quality,COA-BiLSTM,sensor_drift,0.05,0.0539,0.7103,0.1497,0.1196
air_quality,COA-BiLSTM,sensor_drift,0.1,0.0968,0.6975,0.1507,0.1203
air_quality,COA-BiLSTM,sensor_drift,0.15,0.1464,0.6929,0.151,0.1206
air_quality,COA-BiLSTM,sensor_drift,0.2,0.1907,0.6786,0.1521,0.1215
air_quality,COA-BiLSTM,missing_values,0.05,0.0491,0.7095,0.1498,0.1196
air_quality,COA-BiLSTM,missing_values,0.1,0.0987,0.6996,0.1505,0.1202
air_quality,COA-BiLSTM,missing_values,0.15,0.1635,0.6925,0.1511,0.1206
air_quality,COA-BiLSTM,missing_values,0.2,0.1856,0.6758,0.1523,0.1216
air_quality,COA-BiLSTM,outliers,0.01,0.01,0.7177,0.1492,0.1191
air_quality,COA-BiLSTM,outliers,0.05,0.053,0.7084,0.1499,0.1197
air_quality,COA-BiLSTM,outliers,0.1,0.0904,0.7006,0.1504,0.1202
air_quality,COA-BiLSTM,outliers,0.15,0.1512,0.6928,0.151,0.1206
air_quality,BWO-SVR,gaussian_noise,0.01,0.0095,0.7147,0.1494,0.1193
air_quality,BWO-SVR,gaussian_noise,0.05,0.0533,0.6986,0.1506,0.1203
air_quality,BWO-SVR,gaussian_noise,0.1,0.1005,0.6603,0.1534,0.1226
air_quality,BWO-SVR,gaussian_noise,0.2,0.1909,0.6331,0.1555,0.1242
air_quality,BWO-SVR,sensor_drift,0.05,0.0541,0.6998,0.1505,0.1202
air_quality,BWO-SVR,sensor_drift,0.1,0.1015,0.6776,0.1522,0.1215
air_quality,BWO-SVR,sensor_drift,0.15,0.1516,0.6518,0.1541,0.1231
air_quality,BWO-SVR,sensor_drift,0.2,0.2132,0.6139,0.1569,0.1253
air_quality,BWO-SVR,missing_values,0.05,0.0451,0.6979,0.1506,0.1203
air_quality,BWO-SVR,missing_values,0.1,0.108,0.6773,0.1522,0.1215
air_quality,BWO-SVR,missing_values,0.15,0.1529,0.6338,0.1554,0.1241
air_quality,BWO-SVR,missing_values,0.2,0.2066,0.616,0.1567,0.1252
air_quality,BWO-SVR,outliers,0.01,0.0108,0.7156,0.1493,0.1193
air_quality,BWO-SVR,outliers,0.05,0.0488,0.6958,0.1508,0.1204
air_quality,BWO-SVR,outliers,0.1,0.0909,0.6696,0.1528,0.122
air_quality,BWO-SVR,outliers,0.15,0.1571,0.655,0.1538,0.1229
air_quality,BWO-CNN,gaussian_noise,0.01,0.0102,0.7183,0.1491,0.1191
air_quality,BWO-CNN,gaussian_noise,0.05,0.0489,0.711,0.1497,0.1195
air_quality,BWO-CNN,gaussian_noise,0.1,0.0971,0.7017,0.1504,0.1201
air_quality,BWO-CNN,gaussian_noise,0.2,0.1919,0.6765,0.1522,0.1216
air_quality,BWO-CNN,sensor_drift,0.05,0.0498,0.7097,0.1498,0.1196
air_quality,BWO-CNN,sensor_drift,0.1,0.1087,0.6987,0.1506,0.1203
air_quality,BWO-CNN,sensor_drift,0.15,0.1414,0.6872,0.1514,0.121
air_quality,BWO-CNN,sensor_drift,0.2,0.1905,0.6875,0.1514,0.1209
air_quality,BWO-CNN,missing_values,0.05,0.0455,0.7096,0.1498,0.1196
air_quality,BWO-CNN,missing_values,0.1,0.1019,0.7,0.1505,0.1202
air_quality,BWO-CNN,missing_values,0.15,0.1581,0.692,0.1511,0.1207
air_quality,BWO-CNN,missing_values,0.2,0.183,0.6863,0.1515,0.121
air_quality,BWO-CNN,outliers,0.01,0.01,0.7178,0.1492,0.1191
air_quality,BWO-CNN,outliers,0.05,0.0493,0.7092,0.1498,0.1196
air_quality,BWO-CNN,outliers,0.1,0.1064,0.702,0.1503,0.1201
air_quality,BWO-CNN,outliers,0.15,0.1558,0.6864,0.1515,0.121
air_quality,Ultra-LSNT,gaussian_noise,0.01,0.0102,0.7191,0.1491,0.1191
air_quality,Ultra-LSNT,gaussian_noise,0.05,0.0459,0.7153,0.1494,0.1193
air_quality,Ultra-LSNT,gaussian_noise,0.1,0.0927,0.7083,0.1499,0.1197
air_quality,Ultra-LSNT,gaussian_noise,0.2,0.1978,0.6964,0.1508,0.1204
air_quality,Ultra-LSNT,sensor_drift,0.05,0.0504,0.7156,0.1493,0.1193
air_quality,Ultra-LSNT,sensor_drift,0.1,0.1046,0.7085,0.1499,0.1197
air_quality,Ultra-LSNT,sensor_drift,0.15,0.1548,0.7032,0.1503,0.12
air_quality,Ultra-LSNT,sensor_drift,0.2,0.214,0.6985,0.1506,0.1203
air_quality,Ultra-LSNT,missing_values,0.05,0.0499,0.7155,0.1493,0.1193
air_quality,Ultra-LSNT,missing_values,0.1,0.1098,0.7111,0.1497,0.1195
air_quality,Ultra-LSNT,missing_values,0.15,0.1362,0.7023,0.1503,0.1201
air_quality,Ultra-LSNT,missing_values,0.2,0.217,0.6984,0.1506,0.1203
air_quality,Ultra-LSNT,outliers,0.01,0.0101,0.7191,0.1491,0.1191
air_quality,Ultra-LSNT,outliers,0.05,0.0453,0.7142,0.1494,0.1193
air_quality,Ultra-LSNT,outliers,0.1,0.0959,0.7092,0.1498,0.1196
air_quality,Ultra-LSNT,outliers,0.15,0.1641,0.7025,0.1503,0.12
air_quality,Ultra-LSNT-Lite,gaussian_noise,0.01,0.0099,0.7188,0.1491,0.1191
air_quality,Ultra-LSNT-Lite,gaussian_noise,0.05,0.0534,0.7143,0.1494,0.1193
air_quality,Ultra-LSNT-Lite,gaussian_noise,0.1,0.1066,0.7107,0.1497,0.1196
air_quality,Ultra-LSNT-Lite,gaussian_noise,0.2,0.2039,0.7037,0.1502,0.12
air_quality,Ultra-LSNT-Lite,sensor_drift,0.05,0.0462,0.7155,0.1493,0.1193
air_quality,Ultra-LSNT-Lite,sensor_drift,0.1,0.1039,0.7117,0.1496,0.1195
air_quality,Ultra-LSNT-Lite,sensor_drift,0.15,0.1567,0.706,0.15,0.1198
air_quality,Ultra-LSNT-Lite,sensor_drift,0.2,0.1926,0.7035,0.1502,0.12
air_quality,Ultra-LSNT-Lite,missing_values,0.05,0.0529,0.7149,0.1494,0.1193
air_quality,Ultra-LSNT-Lite,missing_values,0.1,0.1025,0.7107,0.1497,0.1196
air_quality,Ultra-LSNT-Lite,missing_values,0.15,0.1535,0.7027,0.1503,0.12
air_quality,Ultra-LSNT-Lite,missing_values,0.2,0.181,0.7021,0.1503,0.1201
air_quality,Ultra-LSNT-Lite,outliers,0.01,0.009,0.7189,0.1491,0.1191
air_quality,Ultra-LSNT-Lite,outliers,0.05,0.0503,0.7143,0.1494,0.1193
air_quality,Ultra-LSNT-Lite,outliers,0.1,0.106,0.7082,0.1499,0.1197
air_quality,Ultra-LSNT-Lite,outliers,0.15,0.1455,0.702,0.1503,0.1201
air_quality,DLinear,gaussian_noise,0.01,0.0098,0.716,0.1493,0.1192
air_quality,DLinear,gaussian_noise,0.05,0.0513,0.7021,0.1503,0.1201
air_quality,DLinear,gaussian_noise,0.1,0.1097,0.6786,0.1521,0.1215
air_quality,DLinear,gaussian_noise,0.2,0.1967,0.6403,0.1549,0.1237
air_quality,DLinear,sensor_drift,0.05,0.0524,0.7026,0.1503,0.12
air_quality,DLinear,sensor_drift,0.1,0.0922,0.6878,0.1514,0.1209
air_quality,DLinear,sensor_drift,0.15,0.1436,0.6691,0.1528,0.122
air_quality,DLinear,sensor_drift,0.2,0.1893,0.6539,0.1539,0.1229
air_quality,DLinear,missing_values,0.05,0.0452,0.7053,0.1501,0.1199
air_quality,DLinear,missing_values,0.1,0.0986,0.677,0.1522,0.1216
air_quality,DLinear,missing_values,0.15,0.1554,0.6685,0.1528,0.1221
air_quality,DLinear,missing_values,0.2,0.218,0.6561,0.1538,0.1228
air_quality,DLinear,outliers,0.01,0.0092,0.716,0.1493,0.1192
air_quality,DLinear,outliers,0.05,0.0538,0.7026,0.1503,0.12
air_quality,DLinear,outliers,0.1,0.0993,0.6776,0.1522,0.1215
air_quality,DLinear,outliers,0.15,0.14,0.6636,0.1532,0.1224
air_quality,iTransformer,gaussian_noise,0.01,0.0095,0.7171,0.1492,0.1192
air_quality,iTransformer,gaussian_noise,0.05,0.0515,0.7059,0.1501,0.1198
air_quality,iTransformer,gaussian_noise,0.1,0.1003,0.695,0.1509,0.1205
air_quality,iTransformer,gaussian_noise,0.2,0.1871,0.6772,0.1522,0.1215
air_quality,iTransformer,sensor_drift,0.05,0.0469,0.7093,0.1498,0.1196
air_quality,iTransformer,sensor_drift,0.1,0.097,0.6933,0.151,0.1206
air_quality,iTransformer,sensor_drift,0.15,0.1641,0.6904,0.1512,0.1208
air_quality,iTransformer,sensor_drift,0.2,0.2171,0.6646,0.1531,0.1223
air_quality,iTransformer,missing_values,0.05,0.0467,0.7056,0.1501,0.1199
air_quality,iTransformer,missing_values,0.1,0.1052,0.697,0.1507,0.1204
air_quality,iTransformer,missing_values,0.15,0.1396,0.6812,0.1519,0.1213
air_quality,iTransformer,missing_values,0.2,0.189,0.6659,0.153,0.1222
air_quality,iTransformer,outliers,0.01,0.0101,0.7179,0.1492,0.1191
air_quality,iTransformer,outliers,0.05,0.0508,0.7076,0.1499,0.1197
air_quality,iTransformer,outliers,0.1,0.1075,0.6999,0.1505,0.1202
air_quality,iTransformer,outliers,0.15,0.1389,0.6874,0.1514,0.1209
air_quality,TimeMixer,gaussian_noise,0.01,0.0109,0.7172,0.1492,0.1192
air_quality,TimeMixer,gaussian_noise,0.05,0.0531,0.7063,0.15,0.1198
air_quality,TimeMixer,gaussian_noise,0.1,0.101,0.6945,0.1509,0.1205
air_quality,TimeMixer,gaussian_noise,0.2,0.1963,0.6799,0.152,0.1214
air_quality,TimeMixer,sensor_drift,0.05,0.0476,0.7086,0.1498,0.1197
air_quality,TimeMixer,sensor_drift,0.1,0.0999,0.6939,0.1509,0.1206
air_quality,TimeMixer,sensor_drift,0.15,0.1416,0.69,0.1512,0.1208
air_quality,TimeMixer,sensor_drift,0.2,0.183,0.6685,0.1528,0.1221
air_quality,TimeMixer,missing_values,0.05,0.05,0.7063,0.15,0.1198
air_quality,TimeMixer,missing_values,0.1,0.1018,0.6962,0.1508,0.1204
air_quality,TimeMixer,missing_values,0.15,0.1454,0.6793,0.152,0.1214
air_quality,TimeMixer,missing_values,0.2,0.2026,0.6686,0.1528,0.1221
air_quality,TimeMixer,outliers,0.01,0.0108,0.7178,0.1492,0.1191
air_quality,TimeMixer,outliers,0.05,0.0516,0.7066,0.15,0.1198
air_quality,TimeMixer,outliers,0.1,0.1073,0.6926,0.151,0.1206
air_quality,TimeMixer,outliers,0.15,0.1601,0.681,0.1519,0.1213
gefcom,ARIMA,gaussian_noise,0.01,0.0104,0.8146,0.1444,0.1153
gefcom,ARIMA,gaussian_noise,0.05,0.0525,0.7938,0.1459,0.1165
gefcom,ARIMA,gaussian_noise,0.1,0.1076,0.7768,0.1471,0.1175
gefcom,ARIMA,gaussian_noise,0.2,0.1812,0.7051,0.1523,0.1216
gefcom,ARIMA,sensor_drift,0.05,0.0463,0.7917,0.146,0.1166
gefcom,ARIMA,sensor_drift,0.1,0.1049,0.7733,0.1474,0.1177
gefcom,ARIMA,sensor_drift,0.15,0.1595,0.7552,0.1487,0.1187
gefcom,ARIMA,sensor_drift,0.2,0.2003,0.7067,0.1522,0.1215
gefcom,ARIMA,missing_values,0.05,0.0479,0.7999,0.1454,0.1162
gefcom,ARIMA,missing_values,0.1,0.1096,0.7677,0.1478,0.118
gefcom,ARIMA,missing_values,0.15,0.1428,0.741,0.1497,0.1195
gefcom,ARIMA,missing_values,0.2,0.2016,0.7146,0.1516,0.1211
gefcom,ARIMA,outliers,0.01,0.0092,0.8144,0.1444,0.1153
gefcom,ARIMA,outliers,0.05,0.0504,0.7924,0.146,0.1166
gefcom,ARIMA,outliers,0.1,0.0968,0.7607,0.1483,0.1184
gefcom,ARIMA,outliers,0.15,0.163,0.741,0.1497,0.1195
gefcom,SVR,gaussian_noise,0.01,0.0109,0.8158,0.1443,0.1152
gefcom,SVR,gaussian_noise,0.05,0.0457,0.7931,0.1459,0.1165
gefcom,SVR,gaussian_noise,0.1,0.1042,0.774,0.1473,0.1176
gefcom,SVR,gaussian_noise,0.2,0.2033,0.7373,0.15,0.1198
gefcom,SVR,sensor_drift,0.05,0.0512,0.7965,0.1457,0.1163
gefcom,SVR,sensor_drift,0.1,0.1074,0.7791,0.1469,0.1174
gefcom,SVR,sensor_drift,0.15,0.1641,0.7308,0.1504,0.1201
gefcom,SVR,sensor_drift,0.2,0.1852,0.71,0.1519,0.1213
gefcom,SVR,missing_values,0.05,0.0452,0.7924,0.146,0.1166
gefcom,SVR,missing_values,0.1,0.0965,0.7796,0.1469,0.1173
gefcom,SVR,missing_values,0.15,0.1581,0.7453,0.1494,0.1193
gefcom,SVR,missing_values,0.2,0.1978,0.7127,0.1517,0.1212
gefcom,SVR,outliers,0.01,0.011,0.8155,0.1443,0.1153
gefcom,SVR,outliers,0.05,0.0495,0.7957,0.1457,0.1164
gefcom,SVR,outliers,0.1,0.1059,0.7767,0.1471,0.1175
gefcom,SVR,outliers,0.15,0.1416,0.7392,0.1498,0.1196
gefcom,LSTM,gaussian_noise,0.01,0.0104,0.8175,0.1442,0.1151
gefcom,LSTM,gaussian_noise,0.05,0.0477,0.8041,0.1451,0.1159
gefcom,LSTM,gaussian_noise,0.1,0.093,0.7846,0.1465,0.117
gefcom,LSTM,gaussian_noise,0.2,0.2177,0.7616,0.1482,0.1184
gefcom,LSTM,sensor_drift,0.05,0.0514,0.8055,0.145,0.1158
gefcom,LSTM,sensor_drift,0.1,0.0955,0.7912,0.1461,0.1167
gefcom,LSTM,sensor_drift,0.15,0.1473,0.7663,0.1479,0.1181
gefcom,LSTM,sensor_drift,0.2,0.1892,0.7505,0.149,0.119
gefcom,LSTM,missing_values,0.05,0.0453,0.8067,0.145,0.1158
gefcom,LSTM,missing_values,0.1,0.0974,0.7882,0.1463,0.1168
gefcom,LSTM,missing_values,0.15,0.1492,0.7684,0.1477,0.118
gefcom,LSTM,missing_values,0.2,0.1874,0.7488,0.1491,0.1191
gefcom,LSTM,outliers,0.01,0.0106,0.8166,0.1442,0.1152
gefcom,LSTM,outliers,0.05,0.0534,0.8034,0.1452,0.116
gefcom,LSTM,outliers,0.1,0.1025,0.7869,0.1464,0.1169
gefcom,LSTM,outliers,0.15,0.136,0.7816,0.1468,0.1172
gefcom,CNN-LSTM,gaussian_noise,0.01,0.0102,0.8165,0.1443,0.1152
gefcom,CNN-LSTM,gaussian_noise,0.05,0.0498,0.8032,0.1452,0.116
gefcom,CNN-LSTM,gaussian_noise,0.1,0.0925,0.7946,0.1458,0.1165
gefcom,CNN-LSTM,gaussian_noise,0.2,0.1972,0.7555,0.1486,0.1187
gefcom,CNN-LSTM,sensor_drift,0.05,0.0499,0.8068,0.145,0.1158
gefcom,CNN-LSTM,sensor_drift,0.1,0.1016,0.7952,0.1458,0.1164
gefcom,CNN-LSTM,sensor_drift,0.15,0.1589,0.7792,0.1469,0.1173
gefcom,CNN-LSTM,sensor_drift,0.2,0.1982,0.7646,0.148,0.1182
gefcom,CNN-LSTM,missing_values,0.05,0.0457,0.8079,0.1449,0.1157
gefcom,CNN-LSTM,missing_values,0.1,0.0996,0.7913,0.1461,0.1167
gefcom,CNN-LSTM,missing_values,0.15,0.1437,0.7732,0.1474,0.1177
gefcom,CNN-LSTM,missing_values,0.2,0.2144,0.7553,0.1487,0.1187
gefcom,CNN-LSTM,outliers,0.01,0.0091,0.8167,0.1442,0.1152
gefcom,CNN-LSTM,outliers,0.05,0.046,0.8051,0.1451,0.1159
gefcom,CNN-LSTM,outliers,0.1,0.1097,0.7931,0.1459,0.1165
gefcom,CNN-LSTM,outliers,0.15,0.15,0.7814,0.1468,0.1172
gefcom,COA-BiLSTM,gaussian_noise,0.01,0.0104,0.8179,0.1442,0.1151
gefcom,COA-BiLSTM,gaussian_noise,0.05,0.0451,0.8098,0.1447,0.1156
gefcom,COA-BiLSTM,gaussian_noise,0.1,0.1004,0.8014,0.1453,0.1161
gefcom,COA-BiLSTM,gaussian_noise,0.2,0.194,0.7866,0.1464,0.1169
gefcom,COA-BiLSTM,sensor_drift,0.05,0.0458,0.8119,0.1446,0.1155
gefcom,COA-BiLSTM,sensor_drift,0.1,0.0927,0.8008,0.1454,0.1161
gefcom,COA-BiLSTM,sensor_drift,0.15,0.1557,0.7892,0.1462,0.1168
gefcom,COA-BiLSTM,sensor_drift,0.2,0.188,0.7752,0.1472,0.1176
gefcom,COA-BiLSTM,missing_values,0.05,0.046,0.8113,0.1446,0.1155
gefcom,COA-BiLSTM,missing_values,0.1,0.1041,0.7989,0.1455,0.1162
gefcom,COA-BiLSTM,missing_values,0.15,0.1631,0.7956,0.1458,0.1164
gefcom,COA-BiLSTM,missing_values,0.2,0.2017,0.7872,0.1464,0.1169
gefcom,COA-BiLSTM,outliers,0.01,0.0107,0.8178,0.1442,0.1151
gefcom,COA-BiLSTM,outliers,0.05,0.053,0.8091,0.1448,0.1156
gefcom,COA-BiLSTM,outliers,0.1,0.1063,0.8013,0.1453,0.1161
gefcom,COA-BiLSTM,outliers,0.15,0.1618,0.795,0.1458,0.1164
gefcom,BWO-SVR,gaussian_noise,0.01,0.0106,0.8149,0.1444,0.1153
gefcom,BWO-SVR,gaussian_noise,0.05,0.0514,0.7955,0.1458,0.1164
gefcom,BWO-SVR,gaussian_noise,0.1,0.1046,0.7695,0.1476,0.1179
gefcom,BWO-SVR,gaussian_noise,0.2,0.1824,0.7367,0.15,0.1198
gefcom,BWO-SVR,sensor_drift,0.05,0.0466,0.7975,0.1456,0.1163
gefcom,BWO-SVR,sensor_drift,0.1,0.0944,0.7626,0.1481,0.1183
gefcom,BWO-SVR,sensor_drift,0.15,0.1451,0.7307,0.1504,0.1201
gefcom,BWO-SVR,sensor_drift,0.2,0.2116,0.7327,0.1503,0.12
gefcom,BWO-SVR,missing_values,0.05,0.05,0.7934,0.1459,0.1165
gefcom,BWO-SVR,missing_values,0.1,0.1044,0.7689,0.1477,0.1179
gefcom,BWO-SVR,missing_values,0.15,0.1649,0.7531,0.1488,0.1188
gefcom,BWO-SVR,missing_values,0.2,0.206,0.701,0.1526,0.1218
gefcom,BWO-SVR,outliers,0.01,0.0104,0.8156,0.1443,0.1153
gefcom,BWO-SVR,outliers,0.05,0.0453,0.7993,0.1455,0.1162
gefcom,BWO-SVR,outliers,0.1,0.0993,0.7748,0.1473,0.1176
gefcom,BWO-SVR,outliers,0.15,0.1568,0.734,0.1502,0.1199
gefcom,BWO-CNN,gaussian_noise,0.01,0.0099,0.8178,0.1442,0.1151
gefcom,BWO-CNN,gaussian_noise,0.05,0.0487,0.8106,0.1447,0.1155
gefcom,BWO-CNN,gaussian_noise,0.1,0.0908,0.7961,0.1457,0.1164
gefcom,BWO-CNN,gaussian_noise,0.2,0.2031,0.7741,0.1473,0.1176
gefcom,BWO-CNN,sensor_drift,0.05,0.0523,0.8102,0.1447,0.1156
gefcom,BWO-CNN,sensor_drift,0.1,0.1075,0.8001,0.1454,0.1161
gefcom,BWO-CNN,sensor_drift,0.15,0.1477,0.7852,0.1465,0.117
gefcom,BWO-CNN,sensor_drift,0.2,0.2037,0.7836,0.1466,0.1171
gefcom,BWO-CNN,missing_values,0.05,0.0471,0.8084,0.1448,0.1157
gefcom,BWO-CNN,missing_values,0.1,0.1026,0.799,0.1455,0.1162
gefcom,BWO-CNN,missing_values,0.15,0.1389,0.7872,0.1464,0.1169
gefcom,BWO-CNN,missing_values,0.2,0.2164,0.7765,0.1471,0.1175
gefcom,BWO-CNN,outliers,0.01,0.0095,0.8183,0.1441,0.1151
gefcom,BWO-CNN,outliers,0.05,0.0468,0.8081,0.1449,0.1157
gefcom,BWO-CNN,outliers,0.1,0.0998,0.7972,0.1456,0.1163
gefcom,BWO-CNN,outliers,0.15,0.1611,0.793,0.1459,0.1166
gefcom,Ultra-LSNT,gaussian_noise,0.01,0.01,0.819,0.1441,0.1151
gefcom,Ultra-LSNT,gaussian_noise,0.05,0.0509,0.8153,0.1443,0.1153
gefcom,Ultra-LSNT,gaussian_noise,0.1,0.0978,0.8113,0.1446,0.1155
gefcom,Ultra-LSNT,gaussian_noise,0.2,0.1903,0.7962,0.1457,0.1164
gefcom,Ultra-LSNT,sensor_drift,0.05,0.0483,0.8147,0.1444,0.1153
gefcom,Ultra-LSNT,sensor_drift,0.1,0.0926,0.8089,0.1448,0.1156
gefcom,Ultra-LSNT,sensor_drift,0.15,0.1486,0.8022,0.1453,0.116
gefcom,Ultra-LSNT,sensor_drift,0.2,0.1829,0.8021,0.1453,0.116
gefcom,Ultra-LSNT,missing_values,0.05,0.0502,0.8157,0.1443,0.1152
gefcom,Ultra-LSNT,missing_values,0.1,0.1066,0.8107,0.1447,0.1155
gefcom,Ultra-LSNT,missing_values,0.15,0.1425,0.8054,0.1451,0.1158
gefcom,Ultra-LSNT,missing_values,0.2,0.2083,0.7991,0.1455,0.1162
gefcom,Ultra-LSNT,outliers,0.01,0.0093,0.8191,0.1441,0.115
gefcom,Ultra-LSNT,outliers,0.05,0.0524,0.8159,0.1443,0.1152
gefcom,Ultra-LSNT,outliers,0.1,0.0995,0.8093,0.1448,0.1156
gefcom,Ultra-LSNT,outliers,0.15,0.1592,0.8029,0.1452,0.116
gefcom,Ultra-LSNT-Lite,gaussian_noise,0.01,0.0107,0.819,0.1441,0.1151
gefcom,Ultra-LSNT-Lite,gaussian_noise,0.05,0.0461,0.8156,0.1443,0.1153
gefcom,Ultra-LSNT-Lite,gaussian_noise,0.1,0.0911,0.8109,0.1447,0.1155
gefcom,Ultra-LSNT-Lite,gaussian_noise,0.2,0.2175,0.7998,0.1455,0.1162
gefcom,Ultra-LSNT-Lite,sensor_drift,0.05,0.0462,0.8159,0.1443,0.1152
gefcom,Ultra-LSNT-Lite,sensor_drift,0.1,0.1087,0.8102,0.1447,0.1156
gefcom,Ultra-LSNT-Lite,sensor_drift,0.15,0.1502,0.8061,0.145,0.1158
gefcom,Ultra-LSNT-Lite,sensor_drift,0.2,0.1859,0.8037,0.1452,0.1159
gefcom,Ultra-LSNT-Lite,missing_values,0.05,0.0547,0.814,0.1444,0.1153
gefcom,Ultra-LSNT-Lite,missing_values,0.1,0.109,0.812,0.1446,0.1155
gefcom,Ultra-LSNT-Lite,missing_values,0.15,0.161,0.8042,0.1451,0.1159
gefcom,Ultra-LSNT-Lite,missing_values,0.2,0.2006,0.8004,0.1454,0.1161
gefcom,Ultra-LSNT-Lite,outliers,0.01,0.0103,0.819,0.1441,0.1151
gefcom,Ultra-LSNT-Lite,outliers,0.05,0.0453,0.8157,0.1443,0.1152
gefcom,Ultra-LSNT-Lite,outliers,0.1,0.1041,0.8108,0.1447,0.1155
gefcom,Ultra-LSNT-Lite,outliers,0.15,0.1552,0.8068,0.145,0.1158
gefcom,DLinear,gaussian_noise,0.01,0.0092,0.8157,0.1443,0.1152
gefcom,DLinear,gaussian_noise,0.05,0.0494,0.8008,0.1454,0.1161
gefcom,DLinear,gaussian_noise,0.1,0.0935,0.7787,0.147,0.1174
gefcom,DLinear,gaussian_noise,0.2,0.2135,0.7425,0.1496,0.1195
gefcom,DLinear,sensor_drift,0.05,0.0518,0.7988,0.1455,0.1162
gefcom,DLinear,sensor_drift,0.1,0.1024,0.784,0.1466,0.1171
gefcom,DLinear,sensor_drift,0.15,0.1521,0.758,0.1485,0.1186
gefcom,DLinear,sensor_drift,0.2,0.2172,0.7615,0.1482,0.1184
gefcom,DLinear,missing_values,0.05,0.0518,0.8006,0.1454,0.1161
gefcom,DLinear,missing_values,0.1,0.1032,0.7881,0.1463,0.1168
gefcom,DLinear,missing_values,0.15,0.1545,0.7683,0.1477,0.118
gefcom,DLinear,missing_values,0.2,0.2063,0.7593,0.1484,0.1185
gefcom,DLinear,outliers,0.01,0.0091,0.8157,0.1443,0.1152
gefcom,DLinear,outliers,0.05,0.0491,0.7986,0.1455,0.1162
gefcom,DLinear,outliers,0.1,0.1056,0.7787,0.147,0.1174
gefcom,DLinear,outliers,0.15,0.1572,0.7646,0.148,0.1182
gefcom,iTransformer,gaussian_noise,0.01,0.0098,0.8172,0.1442,0.1152
gefcom,iTransformer,gaussian_noise,0.05,0.0517,0.8088,0.1448,0.1156
gefcom,iTransformer,gaussian_noise,0.1,0.1052,0.793,0.1459,0.1165
gefcom,iTransformer,gaussian_noise,0.2,0.1974,0.7663,0.1479,0.1181
gefcom,iTransformer,sensor_drift,0.05,0.0462,0.8065,0.145,0.1158
gefcom,iTransformer,sensor_drift,0.1,0.0901,0.7956,0.1458,0.1164
gefcom,iTransformer,sensor_drift,0.15,0.146,0.7865,0.1464,0.1169
gefcom,iTransformer,sensor_drift,0.2,0.2078,0.774,0.1473,0.1176
gefcom,iTransformer,missing_values,0.05,0.0495,0.8085,0.1448,0.1157
gefcom,iTransformer,missing_values,0.1,0.0975,0.7985,0.1455,0.1162
gefcom,iTransformer,missing_values,0.15,0.1372,0.7879,0.1463,0.1168
gefcom,iTransformer,missing_values,0.2,0.2067,0.77,0.1476,0.1179
gefcom,iTransformer,outliers,0.01,0.0099,0.8175,0.1442,0.1151
gefcom,iTransformer,outliers,0.05,0.0536,0.8086,0.1448,0.1157
gefcom,iTransformer,outliers,0.1,0.0996,0.7958,0.1457,0.1164
gefcom,iTransformer,outliers,0.15,0.1452,0.7908,0.1461,0.1167
gefcom,TimeMixer,gaussian_noise,0.01,0.0098,0.8177,0.1442,0.1151
gefcom,TimeMixer,gaussian_noise,0.05,0.0503,0.8076,0.1449,0.1157
gefcom,TimeMixer,gaussian_noise,0.1,0.1053,0.795,0.1458,0.1164
gefcom,TimeMixer,gaussian_noise,0.2,0.2087,0.766,0.1479,0.1181
gefcom,TimeMixer,sensor_drift,0.05,0.0452,0.8058,0.145,0.1158
gefcom,TimeMixer,sensor_drift,0.1,0.0902,0.7989,0.1455,0.1162
gefcom,TimeMixer,sensor_drift,0.15,0.1619,0.7819,0.1467,0.1172
gefcom,TimeMixer,sensor_drift,0.2,0.2171,0.7769,0.1471,0.1175
gefcom,TimeMixer,missing_values,0.05,0.0543,0.8101,0.1447,0.1156
gefcom,TimeMixer,missing_values,0.1,0.092,0.7974,0.1456,0.1163
gefcom,TimeMixer,missing_values,0.15,0.1427,0.7842,0.1466,0.1171
gefcom,TimeMixer,missing_values,0.2,0.1923,0.7761,0.1472,0.1175
gefcom,TimeMixer,outliers,0.01,0.0101,0.8173,0.1442,0.1152
gefcom,TimeMixer,outliers,0.05,0.0511,0.8089,0.1448,0.1156
gefcom,TimeMixer,outliers,0.1,0.0955,0.7939,0.1459,0.1165
gefcom,TimeMixer,outliers,0.15,0.1387,0.7852,0.1465,0.117
